Technology	C_inv [MCHF/y]	C_maint [MCHF/y]
CCGT_CCS	413.236947	166.689948
PV	1147.856033	255.040026
WIND	883.696670	174.900000
HYDRO_DAM_EXISTING	0.000000	195.051200
HYDRO_DAM	67.717942	1.271600
HYDRO_RIVER_EXISTING	0.000000	204.820000
HYDRO_RIVER	225.288389	64.855000
GEOTHERMAL_ELEC	420.879312	325.500000
IND_BOILER_OIL	3.051303	0.790997
IND_BOILER_WASTE	15.190061	3.931507
IND_HEATER_ELEC	25.343316	1.351398
DHN_HP_ELEC	13.940830	8.240367
DHN_BOILER_GAS	4.384465	1.136596
DHN_GEOTHERMAL	66.324437	46.911882
DEC_HP_ELEC	554.174644	320.791276
DEC_BOILER_GAS	74.608352	29.085076
DEC_BOILER_OIL	33.514266	25.948450
THERMAL_SOLAR	741.807191	100.000000
DEC_HEATER_ELEC	11.053220	0.578115
H2_ELECTROLYSIS	186.474246	58.272274
PYROLYSIS	164.492461	139.845253

Storage technology	C_inv [MCHF/y]	C_maint [MCHF/y]
HYDRO_STORAGE	0.000000	0.000000
P2G_STORAGE	23.893629	0.000000

Resource	C_op [MCHF/y]
GASOLINE	702.000000
DIESEL	73.260000
OIL	221.518736
NG	609.743673
NG_CCS	1598.028764
WOOD	736.740000
WASTE	0.000000
