Technology	C_inv [MCHF/y]	C_maint [MCHF/y]
NUCLEAR	2317.298057	1100.000000
WIND	478.007950	94.606660
HYDRO_DAM_EXISTING	0.000000	195.051200
HYDRO_DAM	67.717942	1.271600
HYDRO_RIVER_EXISTING	0.000000	204.820000
IND_BOILER_OIL	3.051303	0.790997
IND_BOILER_WASTE	15.190061	3.931507
IND_HEATER_ELEC	19.248715	1.026412
DHN_HP_ELEC	19.607043	11.589642
DHN_BOILER_GAS	4.570937	1.184935
DHN_GEOTHERMAL	96.534960	68.280062
DEC_HP_ELEC	554.174644	320.791276
DEC_BOILER_GAS	74.608352	29.085076
DEC_BOILER_OIL	33.514266	25.948450
THERMAL_SOLAR	207.690454	27.997902
DEC_HEATER_ELEC	16.848203	0.881210
H2_ELECTROLYSIS	186.474246	58.272274
PYROLYSIS	164.492461	139.845253

Storage technology	C_inv [MCHF/y]	C_maint [MCHF/y]
HYDRO_STORAGE	0.000000	0.000000
P2G_STORAGE	95.898737	0.000000

Resource	C_op [MCHF/y]
GASOLINE	702.000000
DIESEL	73.260000
OIL	221.518736
NG	458.053068
WOOD	736.740000
URANIUM	541.109287
WASTE	0.000000
