Technology	C_inv [MCHF/y]	C_maint [MCHF/y]
NUCLEAR	1003.139534	476.181078
HYDRO_DAM_EXISTING	0.000000	195.051200
HYDRO_DAM	67.717942	1.271600
HYDRO_RIVER_EXISTING	0.000000	204.820000
IND_BOILER_OIL	3.153287	0.817434
IND_BOILER_WASTE	15.190061	3.931507
IND_HEATER_ELEC	19.248715	1.026412
DHN_GEOTHERMAL	0.000000	0.000000
DEC_HP_ELEC	554.174644	320.791276
DEC_THERMAL_HP_GAS	77.077291	33.717477
DEC_BOILER_GAS	92.897505	36.214859
DEC_BOILER_OIL	33.514266	25.948450
THERMAL_SOLAR	89.854516	12.112921
DEC_HEATER_ELEC	1.797498	0.094014
H2_ELECTROLYSIS	118.358050	36.986301
H2_FROM_GAS	124.859350	50.893151
PYROLYSIS	164.492461	139.845253

Storage technology	C_inv [MCHF/y]	C_maint [MCHF/y]
HYDRO_STORAGE	0.000000	0.000000

Resource	C_op [MCHF/y]
GASOLINE	702.000000
DIESEL	60.366368
OIL	225.667463
NG	1289.337574
WOOD	736.740000
URANIUM	244.276986
WASTE	0.000000
