Technology	C_inv [MCHF/y]	C_maint [MCHF/y]
NUCLEAR	417.701202	198.278905
HYDRO_DAM_EXISTING	0.000000	195.051200
HYDRO_DAM	67.717942	1.271600
HYDRO_RIVER_EXISTING	0.000000	204.820000
IND_BOILER_OIL	2.053610	0.532362
IND_BOILER_COAL	0.255036	0.066009
IND_BOILER_WASTE	14.935025	3.865498
IND_HEATER_ELEC	23.022973	1.227669
DEC_HP_ELEC	554.174644	320.791276
DEC_THERMAL_HP_GAS	77.077291	33.717477
DEC_BOILER_GAS	105.586089	41.161335
DEC_BOILER_OIL	33.514266	25.948450
H2_ELECTROLYSIS	12.040769	3.762681
H2_FROM_GAS	138.994051	56.654509
PYROLYSIS	132.200818	112.392123

Storage technology	C_inv [MCHF/y]	C_maint [MCHF/y]
HYDRO_STORAGE	0.000000	0.000000

Resource	C_op [MCHF/y]
ELECTRICITY	640.522588
GASOLINE	702.000000
DIESEL	96.390000
OIL	267.787558
NG	1633.826419
WOOD	592.110000
COAL	5.936083
URANIUM	108.587702
WASTE	0.000000
